id_waktu,id_lokasi,id_unit_peternakan,date,jumlah_produksi
8682,47415,18,2022-12-13,18.5
8656,47415,18,2022-11-18,19.0
8599,47415,18,2022-09-24,19.43
8725,47415,18,2023-01-23,17.86
8622,47415,18,2022-10-16,19.09
8679,47415,18,2022-12-10,19.87
8593,47415,18,2022-09-18,18.46
8618,47415,18,2022-10-12,19.96
8696,47415,18,2022-12-27,18.83
8691,47415,18,2022-12-22,18.47
8686,47415,18,2022-12-17,17.54
8751,47415,18,2023-02-17,13.6
8659,47415,18,2022-11-21,19.29
8637,47415,18,2022-10-31,16.5
8695,47415,18,2022-12-26,19.05
8894,47415,18,2023-07-05,630.0
8629,47415,18,2022-10-23,18.47
8758,47415,18,2023-02-24,14.81
8729,47415,18,2023-01-27,17.45
8642,47415,18,2022-11-04,18.83
8672,47415,18,2022-12-03,16.1
8705,47415,18,2023-01-03,18.58
8740,47415,18,2023-02-06,15.2
8674,47415,18,2022-12-05,16.2
8651,47415,18,2022-11-13,18.35
8747,47415,18,2023-02-13,15.0
8698,47415,18,2022-12-29,19.1
8684,47415,18,2022-12-15,18.4
8722,47415,18,2023-01-20,0.0
8616,47415,18,2022-10-10,19.35
8634,47415,18,2022-10-28,17.1
8891,47415,18,2023-07-02,282.5
8678,47415,18,2022-12-09,19.55
8739,47415,18,2023-02-05,15.58
8716,47415,18,2023-01-14,17.19
8890,47415,18,2023-07-01,6.5
8870,47415,18,2023-06-12,200.0
8657,47415,18,2022-11-19,19.43
8607,47415,18,2022-10-01,18.41
8626,47415,18,2022-10-20,18.69
8760,47415,18,2023-02-26,14.08
8692,47415,18,2022-12-23,18.65
8874,47415,18,2023-06-16,11.4
8753,47415,18,2023-02-19,13.8
8612,47415,18,2022-10-06,20.14
8621,47415,18,2022-10-15,19.1
8604,47415,18,2022-09-29,18.91
8594,47415,18,2022-09-19,20.22
8755,47415,18,2023-02-21,13.7
8627,47415,18,2022-10-21,19.05
8601,47415,18,2022-09-26,18.85
8643,47415,18,2022-11-05,19.3
8664,47415,18,2022-11-26,19.15
8650,47415,18,2022-11-12,19.3
8723,47415,18,2023-01-21,0.0
8668,47415,18,2022-11-30,14.67
8703,47415,18,2023-01-01,18.61
8663,47415,18,2022-11-25,19.7
8715,47415,18,2023-01-13,16.93
8609,47415,18,2022-10-03,18.97
8611,47415,18,2022-10-05,19.95
8731,47415,18,2023-01-29,17.0
8647,47415,18,2022-11-09,19.55
8736,47415,18,2023-02-02,17.11
8685,47415,18,2022-12-16,18.32
8700,47415,18,2022-12-31,19.53
8891,47415,18,2023-07-02,282.5
8662,47415,18,2022-11-24,18.6
8728,47415,18,2023-01-26,17.65
8654,47415,18,2022-11-16,19.55
8719,47415,18,2023-01-17,15.5
8721,47415,18,2023-01-19,16.4
8648,47415,18,2022-11-10,19.51
8628,47415,18,2022-10-22,18.99
8745,47415,18,2023-02-11,16.28
8653,47415,18,2022-11-15,18.78
8658,47415,18,2022-11-20,18.04
8707,47415,18,2023-01-05,17.98
8746,47415,18,2023-02-12,15.5
8660,47415,18,2022-11-22,20.3
8720,47415,18,2023-01-18,16.32
8761,47415,18,2023-02-27,13.82
8624,47415,18,2022-10-18,22.11
8697,47415,18,2022-12-28,19.44
8732,47415,18,2023-01-30,16.4
8598,47415,18,2022-09-23,19.1
8635,47415,18,2022-10-29,17.4
8741,47415,18,2023-02-07,14.95
8710,47415,18,2023-01-08,18.34
8735,47415,18,2023-02-01,16.17
8743,47415,18,2023-02-09,16.15
8704,47415,18,2023-01-02,18.45
8661,47415,18,2022-11-23,18.6
8744,47415,18,2023-02-10,16.11
8640,47415,18,2022-11-02,16.5
8666,47415,18,2022-11-28,15.55
8625,47415,18,2022-10-19,19.69
8652,47415,18,2022-11-14,18.68
8631,47415,18,2022-10-25,17.4
8709,47415,18,2023-01-07,19.18
8762,47415,18,2023-02-28,12.8
8592,47415,18,2022-09-17,19.0
8670,47415,18,2022-12-01,16.07
8699,47415,18,2022-12-30,18.19
8641,47415,18,2022-11-03,16.65
8693,47415,18,2022-12-24,18.8
8630,47415,18,2022-10-24,18.09
8595,47415,18,2022-09-20,18.69
8646,47415,18,2022-11-08,17.45
8887,47415,18,2023-06-29,15.0
8623,47415,18,2022-10-17,22.15
8714,47415,18,2023-01-12,16.94
8596,47415,18,2022-09-21,20.06
8610,47415,18,2022-10-04,20.72
8617,47415,18,2022-10-11,19.95
8633,47415,18,2022-10-27,0.0
8614,47415,18,2022-10-08,20.08
8888,47415,18,2023-06-30,21.0
8759,47415,18,2023-02-25,14.64
8615,47415,18,2022-10-09,19.32
8645,47415,18,2022-11-07,17.08
8620,47415,18,2022-10-14,19.2
8605,47415,18,2022-09-30,18.38
8733,47415,18,2023-01-31,17.57
8724,47415,18,2023-01-22,17.23
8690,47415,18,2022-12-21,18.75
8600,47415,18,2022-09-25,18.13
8667,47415,18,2022-11-29,15.0
8655,47415,18,2022-11-17,18.32
8673,47415,18,2022-12-04,15.55
8750,47415,18,2023-02-16,14.4
8608,47415,18,2022-10-02,19.45
8694,47415,18,2022-12-25,19.2
8613,47415,18,2022-10-07,20.44
8730,47415,18,2023-01-28,17.2
8756,47415,18,2023-02-22,14.45
8757,47415,18,2023-02-23,14.56
8689,47415,18,2022-12-20,19.27
8726,47415,18,2023-01-24,17.88
8713,47415,18,2023-01-11,16.7
8619,47415,18,2022-10-13,19.76
8708,47415,18,2023-01-06,18.99
8680,47415,18,2022-12-11,18.3
8688,47415,18,2022-12-19,19.08
8752,47415,18,2023-02-18,13.48
8632,47415,18,2022-10-26,11.83
8603,47415,18,2022-09-28,18.8
8718,47415,18,2023-01-16,15.98
8892,47415,18,2023-07-03,15.5
8754,47415,18,2023-02-20,13.75
8639,47415,18,2022-11-01,16.7
8711,47415,18,2023-01-09,17.74
8737,47415,18,2023-02-03,15.58
8636,47415,18,2022-10-30,16.83
8712,47415,18,2023-01-10,16.9
8738,47415,18,2023-02-04,15.49
8676,47415,18,2022-12-07,17.2
8742,47415,18,2023-02-08,14.65
8717,47415,18,2023-01-15,16.93
8649,47415,18,2022-11-11,18.29
8597,47415,18,2022-09-22,19.93
8706,47415,18,2023-01-04,18.4
8671,47415,18,2022-12-02,15.42
8677,47415,18,2022-12-08,20.16
8591,47415,18,2022-09-16,17.3
8748,47415,18,2023-02-14,14.4
8683,47415,18,2022-12-14,17.5
8681,47415,18,2022-12-12,18.2
8893,47415,18,2023-07-04,15.0
8727,47415,18,2023-01-25,17.7
8602,47415,18,2022-09-27,20.27
8675,47415,18,2022-12-06,18.1
8687,47415,18,2022-12-18,17.25
8644,47415,18,2022-11-06,17.33
8665,47415,18,2022-11-27,18.62
8749,47415,18,2023-02-15,14.0
8888,47415,18,2023-06-30,21.0
8890,47415,18,2023-07-01,6.5
